LATITUDE;LONGITUDE;ALTITUDE;GEOMETRY;NAME_DER_SCHULE;ANSCHRIFT;BESCHREIBUNG_(STADTTEIL-SCHULFORM-SCHULTRAEGER)
51.170480;6.836526;;point;Adolf-Klarenbach-Schule;Walther-Rathenau-Straße 15 - 40589 - Düsseldorf -;Holthausen - Grundschule - Stadt Düsseldorf
51.243244;6.778922;;point;Albert-Einstein-Gymnasium;Zietenstraße 50 - 40476 - Düsseldorf -;Golzheim - Gymnasium - Sonstiger Träger
51.21412;6.77307;;point;Albrecht-Dürer-Schule;Fürstenwall 100 - 40217 - Düsseldorf -;Unterbilk - Berufs- Weiterbildungskolleg - Stadt Düsseldorf
51.198302;6.788174;;point;Alfred-Adler-Schule - Schule für Kranke im Zentrum für Kinderheilkunde der Universitätsklinikum Düsseldorf;Moorenstraße 5 - 40225 - Düsseldorf -;Bilk - Schule für Kranke - Stadt Düsseldorf
51.145507;6.902646;;point;Alfred-Herrhausen-Schule;Carl-Friedrich-Goerdeler-Straße 21 - 40595 - Düsseldorf -;Garath - Förderschule - Stadt Düsseldorf
51.230357;6.844815;;point;Aloys-Odenthal-Schule;Diepenstraße 24 - 40625 - Düsseldorf -;Gerresheim - Grundschule - Stadt Düsseldorf
51.230550;6.80886;;point;Anne-Frank-Realschule;Ackerstraße 174 - 40233 - Düsseldorf -;Flingern-Nord - Realschule - Stadt Düsseldorf
51.15818;6.87793;;point;Annette-von-Droste-Hülshoff-Gymnasium;Brucknerstraße 19 - 40593 - Düsseldorf -;Benrath - Gymnasium - Stadt Düsseldorf
51.21263;6.84045;;point;Astrid-Lindgren-Schule;Leuthenstraße 50 - 40231 - Düsseldorf -;Eller - Grundschule - Stadt Düsseldorf
51.20314;6.81137;;point;Benzenberg-Realschule;Siegburger Straße 38 - 40591 - Düsseldorf -;Oberbilk - Realschule - Stadt Düsseldorf
51.208113;6.765409;;point;Berufskolleg Bachstraße;Bachstraße 8 - 40223 - Düsseldorf -;Bilk - Berufs- Weiterbildungskolleg - Stadt Düsseldorf
51.272975;6.766262;;point;Berufskolleg f. Informations- Kommunikations- und Automatisierungstechnik - Sek. II;Klaus-Bungert-Straße 6 - 40468 - Düsseldorf -;Unterrath - Berufs- Weiterbildungskolleg - Sonstiger Träger
51.301577;6.744564;;point;Berufskolleg Kaiserswerther Diakonie;Alte Landstraße 179 E - 40489 - Düsseldorf -;Kaiserswerth - Berufs- Weiterbildungskolleg - Sonstiger Träger
51.224792;6.796438;;point;Berufskolleg RheinRuhr;Ackerstraße 3 - 40233 - Düsseldorf -;Stadtmitte - Berufs- Weiterbildungskolleg - Sonstiger Träger
51.202578;6.766291;;point;Bonifatius-Schule;Fleher Straße 70 - 40223 - Düsseldorf -;Bilk - Grundschule - Stadt Düsseldorf
51.23442;6.81403;;point;Brehm-Schule;Karl-Müller-Straße 25 - 40237 - Düsseldorf -;Düsseltal - Grundschule - Stadt Düsseldorf
51.237985;6.751320;;point;Carl-Benz-Realschule Oberkassel;Lewitstraße 2 - 40547 - Düsseldorf -;Niederkassel - Realschule - Stadt Düsseldorf
51.243734;6.817614;;point;Carl-Sonnenschein-Schule;Graf-Recke-Straße 153 - 40237 - Düsseldorf -;Düsseltal - Grundschule - Stadt Düsseldorf
51.23777;6.74925;;point;Cecilien-Gymnasium;Schorlemerstraße 99 - 40547 - Düsseldorf -;Niederkassel - Gymnasium - Stadt Düsseldorf
51.18612;6.82762;;point;Christophorus-Schule;Werstener Friedhofstraße 10 - 40591 - Düsseldorf -;Wersten - Grundschule - Stadt Düsseldorf
51.23533;6.74421;;point;Comenius-Gymnasium;Hansaallee 90 - 40547 - Düsseldorf -;Oberkassel - Gymnasium - Stadt Düsseldorf
51.220944;6.792266;;point;DAA-Wirtschaftsakademie - Berufskolleg f. Wirtschaft - Schule d. Sek. II und Fachschule - Priv. staatl. gen. Ersatzschule;Konrad-Adenauer-Platz 9 - 40210 - Düsseldorf -;Stadtmitte - Berufs- Weiterbildungskolleg - Sonstiger Träger
51.197221;6.851326;;point;Dieter-Forte-Gesamtschule;Heidelberger Straße 75 - 40229 - Düsseldorf -;Eller - Gesamtschule - Stadt Düsseldorf
51.22993;6.75776;;point;Don-Bosco-Montessori-Schule;Salierstraße 37 - 40545 - Düsseldorf -;Oberkassel - Grundschule - Stadt Düsseldorf
51.20988;6.77938;;point;Dumont-Lindemann-Schule;Weberstraße 3 - 40215 - Düsseldorf -;Friedrichstadt - Hauptschule - Stadt Düsseldorf
51.200855;6.809961;;point;Elly-Heuss-Knapp-Schule;Siegburger Straße 137 - 40591 - Düsseldorf -;Oberbilk - Berufs- Weiterbildungskolleg - Stadt Düsseldorf
51.26789;6.76918;;point;Elsa-Brandström-Schule;An der Golzheimer Heide 120 - 40468 - Düsseldorf -;Unterrath - Grundschule - Stadt Düsseldorf
51.299195;6.733748;;point;Erzbischöfliches Suitbertus-Gymnasium - Staatl. gen. Priv. Gymnasium d. Erzbistums Köln für Jungen und Mädchen - Sek. I und II;An Sankt Swidbert 51 - 40489 - Düsseldorf -;Kaiserswerth - Gymnasium - Sonstiger Träger
51.22765;6.86159;;point;Ferdinand-Heye-Schule;Heyestraße 91 - 40625 - Düsseldorf -;Gerresheim - Grundschule - Stadt Düsseldorf
51.21638;6.86241;;point;Franz-Boehm-Schule;Kamper Weg 291 - 40627 - Düsseldorf -;Vennhausen - Grundschule - Stadt Düsseldorf
51.209869;6.787486;;point;Franz-Jürgens-Berufskolleg;Färberstraße 34 - 40223 - Düsseldorf -;Bilk - Berufs- Weiterbildungskolleg - Stadt Düsseldorf
51.229991;6.843103;;point;Franz-Marc-Schule;Lohbachweg 18 - 40625 - Düsseldorf -;Gerresheim - Förderschule - Stadt Düsseldorf
51.32677;6.73718;;point;Franz-Vaahsen-Schule;Grenzweg 12 - 40489 - Düsseldorf -;Wittlaer - Grundschule - Stadt Düsseldorf
51.1836;6.86241;;point;Freie Christliche Gesamtschule Düsseldorf;Fürstenberger Straße 10 - 40599 - Düsseldorf -;Hassels - Gesamtschule - Sonstiger Träger
51.231488;6.846777;;Point;Freie Waldorfschule - Rudolf Steiner Schule;Diepenstraße 15 - 40625 - Düsseldorf -;Gerresheim - Grundschule - Sonstiger Träger
51.231488;6.846777;;Point;Freie Waldorfschule - Rudolf Steiner Schule;Diepenstraße 15 - 40625 - Düsseldorf -;Gerresheim - Gymnasium - Sonstiger Träger
51.176184;6.863951;;point;Freies Christliches Gymnasium Düsseldorf;Buchenstraße 1 - 40599 - Düsseldorf -;Reisholz - Gymnasium - Sonstiger Träger
51.20925;6.78731;;point;Freiherr-vom-Stein-Realschule;Färberstraße 40 - 40223 - Düsseldorf -;Bilk - Realschule - Stadt Düsseldorf
51.25979;6.81356;;point;Friedrich-Rückert-Gymnasium;Rückertstraße 6 - 40470 - Düsseldorf -;Rath - Gymnasium - Stadt Düsseldorf
51.22901;6.75739;;point;Friedrich-von-Bodelschwingh-Schule;Cimbernstraße 24 - 40545 - Düsseldorf -;Oberkassel - Grundschule - Stadt Düsseldorf
51.32858;6.78576;;point;Friedrich-von-Spee-Schule;Am Litzgraben 28A - 40489 - Düsseldorf -;Angermund - Grundschule - Stadt Düsseldorf
51.14705;6.90101;;point;Fritz-Henkel-Schule;Stettiner Straße 98 - 40595 - Düsseldorf -;Garath - Hauptschule - Stadt Düsseldorf
51.253931;6.761073;;point;Georg-Büchner-Gymnasium;Felix-Klein-Straße 3 - 40474 - Düsseldorf -;Golzheim - Gymnasium - Stadt Düsseldorf
51.21638;6.86241;;point;Georg-Schulhoff-Realschule;Kamper Weg 291 - 40627 - Düsseldorf -;Vennhausen - Realschule - Stadt Düsseldorf
51.2649451;6.75161;;point;Gerhard-Tersteegen-Schule;Beckbuschstraße 2 - 40474 - Düsseldorf -;Stockum - Grundschule - Stadt Düsseldorf
51.14705;6.90101;;point;Gesamtschule Stettiner Straße;Stettiner Straße 98 - 40595 - Düsseldorf -;Garath - Gesamtschule - Stadt Düsseldorf
51.204852;6.791930;;point;Geschwister-Scholl-Gymnasium;Redinghovenstraße 41 - 40225 - Düsseldorf -;Bilk - Gymnasium - Stadt Düsseldorf
51.14278;6.905080;;point;GGS Adam-Stegerwald-Straße;Adam-Stegerwald-Straße 14 - 40595 - Düsseldorf -;Garath - Grundschule - Stadt Düsseldorf
51.17975;6.86648;;point;GGS Am Köhnen;Am Köhnen 73 - 40599 - Düsseldorf -;Hassels - Grundschule - Stadt Düsseldorf
51.20088;6.81968;;point;GGS Bingener Weg;Bingener Weg 10 - 40229 - Düsseldorf -;Eller - Grundschule - Stadt Düsseldorf
51.1913399;6.85915;;point;GGS Deutzer Straße;Deutzer Straße 102 - 40229 - Düsseldorf -;Eller - Grundschule - Stadt Düsseldorf
51.22858;6.81646;;point;GGS Flurstraße;Flurstraße 59 - 40235 - Düsseldorf -;Flingern-Nord - Grundschule - Stadt Düsseldorf
51.2156;6.78854;;point;GGS Helmholtzstraße;Helmholtzstraße 16 - 40215 - Düsseldorf -;Friedrichstadt - Grundschule - Stadt Düsseldorf
51.3022599;6.73815;;point;GGS Kaiserswerth;Fliednerstraße 32 - 40489 - Düsseldorf -;Kaiserswerth - Grundschule - Stadt Düsseldorf
51.2674;6.87515;;point;GGS Knittkuhl;Am Mergelsberg 1 - 40629 - Düsseldorf -;Knittkuhl - Grundschule - Stadt Düsseldorf
51.21559;6.76951;;point;GGS Konkordiastraße;Konkordiastraße 26 - 40219 - Düsseldorf -;Unterbilk - Grundschule - Stadt Düsseldorf
51.28501;6.79672;;point;GGS Krahnenburgstraße;Krahnenburgstraße 15 - 40472 - Düsseldorf -;Lichtenbroich - Grundschule - Stadt Düsseldorf
51.21017;6.76927;;point;GGS Kronprinzenstraße;Kronprinzenstraße 107 - 40217 - Düsseldorf -;Unterbilk - Grundschule - Stadt Düsseldorf
51.23922;6.79063;;point;GGS Lennéstraße;Lennéstraße 5 - 40477 - Düsseldorf -;Pempelfort - Grundschule - Stadt Düsseldorf
51.2434299;6.73248;;point;GGS Lörick;Wickrather Straße 31 - 40547 - Düsseldorf -;Lörick - Grundschule - Stadt Düsseldorf
51.25203;6.80917;;point;GGS Max-Halbe-Straße;Max-Halbe-Straße 14 - 40470 - Düsseldorf -;Mörsenbroich - Grundschule - Stadt Düsseldorf
51.14972;6.89779;;point;GGS Neustrelitzer Straße - Gudrun-Pausewang-Schule;Neustrelitzer Straße 10 - 40595 - Düsseldorf -;Garath - Grundschule - Stadt Düsseldorf
51.2049499;6.83765;;point;GGS Richardstraße;Richardstraße 14 - 40231 - Düsseldorf -;Eller - Grundschule - Stadt Düsseldorf
51.24546;6.7765;;point;GGS Rolandstraße;Rolandstraße 40 - 40476 - Düsseldorf -;Golzheim - Grundschule - Stadt Düsseldorf
51.21278;6.79167;;point;GGS Sonnenstraße;Sonnenstraße 10 - 40227 - Düsseldorf -;Oberbilk - Grundschule - Stadt Düsseldorf
51.210272;6.807943;;point;GGS Stoffeler Straße;Stoffeler Straße 11 - 40227 - Düsseldorf -;Oberbilk - Grundschule - Stadt Düsseldorf
51.154081;6.882864;;point;GGS Südallee;Südallee 100 - 40593 - Düsseldorf -;Urdenbach - Grundschule - Stadt Düsseldorf
51.275739;6.782883;;point;GGS Unterrath;Beedstraße 31 - 40468 - Düsseldorf -;Unterrath - Grundschule - Stadt Düsseldorf
51.1465;6.87171;;point;GGS Urdenbach;Garather Straße 16 - 40593 - Düsseldorf -;Urdenbach - Grundschule - Stadt Düsseldorf
51.205935;6.855874;;point;GGS Vennhauser Allee;Vennhauser Allee 160-162 - 40627 - Düsseldorf -;Vennhausen - Grundschule - Stadt Düsseldorf
51.25575;6.80934;;point;GGS Wrangelstraße - Janusz-Korczak-Schule;Wrangelstraße 40 - 40470 - Düsseldorf -;Rath - Grundschule - Stadt Düsseldorf
51.167114;6.867365;;point;GHS Benrath;Melanchthonstraße 2 - 40597 - Düsseldorf -;Benrath - Hauptschule - Stadt Düsseldorf
51.20033;6.8361;;point;GHS Bernburger Straße;Bernburger Straße 44 - 40229 - Düsseldorf -;Eller - Hauptschule - Stadt Düsseldorf
51.24606;6.82312;;point;GHS Graf-Recke-Straße;Graf-Recke-Straße 230 - 40237 - Düsseldorf -;Grafenberg - Hauptschule - Stadt Düsseldorf
51.23459;6.80699;;point;Goethe-Gymnasium mit ehem. Rethel-Gymnasium;Lindemannstraße 57 - 40237 - Düsseldorf -;Düsseltal - Gymnasium - Stadt Düsseldorf
51.22122;6.77814;;point;Görres-Gymnasium;Königsallee 57 - 40212 - Düsseldorf -;Stadtmitte - Gymnasium - Stadt Düsseldorf
51.167146;6.869103;;point;Grundschule Schloss Benrath;Erich-Müller-Straße 31 - 40597 - Düsseldorf -;Benrath - Grundschule - Stadt Düsseldorf
51.2002499;6.84408;;point;Gumbertschule;Gumbertstraße 191 - 40229 - Düsseldorf -;Eller - Grundschule - Stadt Düsseldorf
51.24078;6.82438;;point;Gutenberg-Schule;Grafenberger Allee 384 - 40235 - Düsseldorf -;Grafenberg - Grundschule - Stadt Düsseldorf
51.24046;6.8586;;point;Gymnasium Gerresheim;Am Poth 60 - 40625 - Düsseldorf -;Gerresheim - Gymnasium - Stadt Düsseldorf
51.14966;6.8868;;point;Gymnasium Koblenzer Straße;Theodor-Litt-Straße 2 - 40593 - Düsseldorf -;Urdenbach - Gymnasium - Stadt Düsseldorf
51.21084;6.80582;;point;Gymnasium Schmiedestraße - Dumont-Lindemann-Schule;Schmiedestraße 25 - 40227 - Düsseldorf -;Oberbilk - Gymnasium - Stadt Düsseldorf
51.23771;6.8521;;point;Hanna-Zürndorfer-Schule;Benderstraße 78 - 40625 - Düsseldorf -;Gerresheim - Grundschule - Stadt Düsseldorf
51.24484;6.81847;;point;Heinrich-Heine-Gesamtschule;Graf-Recke-Straße 170 - 40237 - Düsseldorf -;Mörsenbroich - Gesamtschule - Stadt Düsseldorf
51.2308499;6.7058;;point;Heinrich-Heine-Schule;Heerdter Landstraße 186 - 40549 - Düsseldorf -;Heerdt - Grundschule - Stadt Düsseldorf
51.2061;6.79014;;point;Heinrich-Hertz-Berufskolleg;Redinghovenstraße 16 - 40225 - Düsseldorf -;Bilk - Berufs- Weiterbildungskolleg - Stadt Düsseldorf
51.19021;6.81433;;point;Henri-Dunant-Schule;Rheindorfer Weg 20 - 40591 - Düsseldorf -;Wersten - Grundschule - Stadt Düsseldorf
51.17828;6.87515;;point;Hermann-Gmeiner-Schule;Schillstraße 7 - 40599 - Düsseldorf -;Hassels - Grundschule - Stadt Düsseldorf
51.14179;6.89415;;point;Hermann-Harry-Schmitz-Weiterbildungskolleg - Abendrealschule;Emil-Barth-Straße 45 - 40595 - Düsseldorf -;Garath - Berufs- Weiterbildungskolleg - Stadt Düsseldorf
51.203139;6.791251;;point;Hulda-Pankok-Gesamtschule;Brinckmannstraße 16 - 40225 - Düsseldorf -;Bilk - Gesamtschule - Stadt Düsseldorf
51.2297584;6.7910574;;point;Humboldt-Gymnasium;Pempelforter Straße 40 - 40211 - Düsseldorf -;Pempelfort - Gymnasium - Stadt Düsseldorf
51.291432;6.736249;;point;International School of Düsseldorf - High School;Niederrheinstraße 336 - 40489 - Düsseldorf -;Kaiserswerth - Gesamtschule - Sonstiger Träger
51.291432;6.736249;;point;International School of Düsseldorf - Priv. Gesamtschule der Sek. I;Niederrheinstraße 336 - 40489 - Düsseldorf -;Kaiserswerth - Gesamtschule - Sonstiger Träger
51.290962;6.737542;;point;International School of Düsseldorf - Priv. Grundschule;Niederrheinstraße 323 - 40489 - Düsseldorf -;Kaiserswerth - Grundschule - Sonstiger Träger
51.23575;6.78877;;point;Jan-Wellem-Schule - Standort 1 - Erich Kästner Schule;Franklinstraße 5 - 40479 - Düsseldorf -;Pempelfort - Förderschule - Stadt Düsseldorf
51.210508;6.802841;;Point;Jan-Wellem-Schule - Standort 2 - Jan-Daniel-Georgens-Schule;Oberbilker Allee 244 - 40227 - Düsseldorf -;Oberbilk - Förderschule - Stadt Düsseldorf
51.26779;6.8258;;point;Joachim-Neander-Schule;Rather Markt 2 - 40472 - Düsseldorf -;Rath - Grundschule - Stadt Düsseldorf
51.19881;6.81135;;point;Joseph-Beuys-Gesamtschule;Siegburger Straße 149 - 40591 - Düsseldorf -;Oberbilk - Gesamtschule - Stadt Düsseldorf
51.24697;6.78142;;point;Justus-von-Liebig-Realschule;Ottweilerstraße 20 - 40476 - Düsseldorf -;Golzheim - Realschule - Stadt Düsseldorf
51.275;6.7831;;point;Kartause-Hain-Schule;Unterrather Straße 76 - 40468 - Düsseldorf -;Unterrath - Grundschule - Stadt Düsseldorf
51.203245;6.901889;;point;Katholische Grundschule Carl Sonnenschein;Gerresheimer Landstraße 89 - 40627 - Düsseldorf -;Unterbach - Grundschule - Stadt Düsseldorf
51.16313;6.8854;;point;KGS Einsiedelstraße;Einsiedelstraße 25 - 40597 - Düsseldorf -;Benrath - Grundschule - Stadt Düsseldorf
51.24405;6.78451;;point;KGS Essener Straße;Essener Straße 1 - 40476 - Düsseldorf -;Derendorf - Grundschule - Stadt Düsseldorf
51.19373;6.76945;;point;KGS Fleher Straße;Fleher Straße 213 - 40223 - Düsseldorf -;Flehe - Grundschule - Stadt Düsseldorf
51.20592;6.74141;;point;KGS Florensstraße;Heinsenstraße 21 - 40221 - Düsseldorf -;Hamm - Grundschule - Stadt Düsseldorf
51.19203;6.83773;;point;KGS Fuldaer Straße;Fuldaer Straße 33 - 40229 - Düsseldorf -;Eller - Grundschule - Stadt Düsseldorf
51.21643;6.79963;;point;KGS Höhenstraße;Höhenstraße 5 - 40227 - Düsseldorf -;Oberbilk - Grundschule - Stadt Düsseldorf
51.14525;6.88899;;point;KGS Josef-Kleesattel-Straße;Josef-Kleesattel-Straße 13 - 40595 - Düsseldorf -;Garath - Grundschule - Stadt Düsseldorf
51.27566;6.73744;;point;KGS Lohausen;Im Grund 78 - 40474 - Düsseldorf -;Lohausen - Grundschule - Stadt Düsseldorf
51.22314;6.80667;;point;KGS Mettmanner Straße;Hubbelrather Straße 13 - 40233 - Düsseldorf -;Flingern-Süd - Grundschule - Stadt Düsseldorf
51.23739;6.75387;;point;KGS Niederkassel;Niederkasseler Straße 36 - 40547 - Düsseldorf -;Niederkassel - Grundschule - Stadt Düsseldorf
51.26279;6.80807;;point;KGS Rather Kreuzweg;Rather Kreuzweg 21 - 40472 - Düsseldorf -;Rath - Grundschule - Stadt Düsseldorf
51.2327;6.85755;;point;KGS Unter den Eichen;Unter den Eichen 26 - 40625 - Düsseldorf -;Gerresheim - Grundschule - Stadt Düsseldorf
51.17487;6.83083;;point;KHS Itterstraße;Itterstraße 16 - 40589 - Düsseldorf -;Holthausen - Hauptschule - Stadt Düsseldorf
51.24181;6.78559;;point;Leibniz-Montessori-Gymnasium;Scharnhorststraße 8 - 40477 - Düsseldorf -;Pempelfort - Gymnasium - Stadt Düsseldorf
51.21273;6.76794;;point;Leo-Statz-Berufskolleg;Friedenstraße 29 - 40219 - Düsseldorf -;Unterbilk - Berufs- Weiterbildungskolleg - Stadt Düsseldorf
51.21602;6.79666;;point;Lessing-Berufskolleg;Ellerstraße 84-94 - 40227 - Düsseldorf -;Oberbilk - Berufs- Weiterbildungskolleg - Stadt Düsseldorf
51.21602;6.79666;;point;Lessing-Gymnasium;Ellerstraße 84-94 - 40227 - Düsseldorf -;Oberbilk - Gymnasium - Stadt Düsseldorf
51.197111;6.848473;;point;Lore-Lorentz-Schule;Schloßallee 14 - 40229 - Düsseldorf -;Eller - Berufs- Weiterbildungskolleg - Stadt Düsseldorf
51.2216499;6.77611;;point;Luisen-Gymnasium;Bastionstraße 24 - 40213 - Düsseldorf -;Stadtmitte - Gymnasium - Stadt Düsseldorf
51.243565;6.861529;;point;LVR-Berufskolleg Düsseldorf;Am großen Dern 10 - 40625 - Düsseldorf -;Gerresheim - Berufs- Weiterbildungskolleg - Landschaftsverband Rheinland
51.243285; 6.859837;;point;LVR-Gerricus-Schule;Gräulinger Straße 103 - 40625 - Düsseldorf -;Ludenberg - Förderschule - Landschaftsverband Rheinland
51.174932;6.877113;;point;LVR-Karl-Tietenberg-Schule;Lärchenweg 23 - 40599 - Düsseldorf -;Hassels - Förderschule - Landschaftsverband Rheinland
51.242489;6.858099;;point;LVR-Kurt-Schwitters-Schule;Gräulinger Straße 110 - 40625 - Düsseldorf -;Gerresheim - Förderschule - Landschaftsverband Rheinland
51.203684;6.788727;;point;LVR-Schule am Volksgarten;Brinckmannstraße 8-10 - 40225 - Düsseldorf -;Bilk - Förderschule - Landschaftsverband Rheinland
51.245623;6.820016;;point;Lycée Francais de Düsseldorf;Graf-Recke-Straße 220 - 40237 - Düsseldorf -;Mörsenbroich - Grundschule - Sonstiger Träger
51.245623;6.820016;;point;Lycée Francais de Düsseldorf;Graf-Recke-Straße 220 - 40237 - Düsseldorf -;Mörsenbroich - Gymnasium - Sonstiger Träger
51.228704;6.806554;;point;Maria-Montessori-Gesamtschule;Lindenstraße 140 - 40233 - Düsseldorf -;Flingern-Nord - Gesamtschule - Stadt Düsseldorf
51.238717;6.863493;;point;Marie-Curie-Gymnasium;Gräulinger Straße 15 - 40625 - Düsseldorf -;Gerresheim - Gymnasium - Stadt Düsseldorf
51.19021;6.81433;;point;Marienschule;Rheindorfer Weg 20 - 40591 - Düsseldorf -;Wersten - Grundschule - Stadt Düsseldorf
51.23453;6.85849;;point;Martin-Luther-King-Schule;Schönaustraße 25 - 40625 - Düsseldorf -;Gerresheim - Förderschule - Stadt Düsseldorf
51.19605;6.77947;;point;Martin-Luther-Schule;Gotenstraße 20 - 40225 - Düsseldorf -;Bilk - Grundschule - Stadt Düsseldorf
51.23472;6.78649;;point;Matthias-Claudius-Schule;Bongardstraße 9 - 40479 - Düsseldorf -;Pempelfort - Grundschule - Stadt Düsseldorf
51.25935;6.76016;;point;Max-Planck-Gymnasium;Koetschaustraße 36 - 40474 - Düsseldorf -;Stockum - Gymnasium - Stadt Düsseldorf
51.223017;6.770556;;point;Max-Schule;Citadellstraße 2B - 40213 - Düsseldorf -;Altstadt - Grundschule - Stadt Düsseldorf
51.20367;6.77826;;point;Max-Weber-Berufskolleg;Suitbertusstraße 163-165 - 40223 - Düsseldorf -;Bilk - Berufs- Weiterbildungskolleg - Stadt Düsseldorf
51.14179;6.89415;;point;Montessori-Grundschule Emil-Barth-Straße;Emil-Barth-Straße 45 - 40595 - Düsseldorf -;Garath - Grundschule - Stadt Düsseldorf
51.26627;6.75579;;point;Montessori-Grundschule Farnweg;Farnweg 10 - 40468 - Düsseldorf -;Stockum - Grundschule - Stadt Düsseldorf
51.2280291;6.8049025;;point;Montessori-Grundschule Lindenstraße;Lindenstraße 102 - 40233 - Düsseldorf -;Flingern-Nord - Grundschule - Stadt Düsseldorf
51.228704;6.806554;;point;Montessori-Hauptschule Hermannplatz;Lindenstraße 140 - 40233 - Düsseldorf -;Flingern-Nord - Hauptschule - Stadt Düsseldorf
51.18086;6.82085;;point;Mosaikschule;Am Massenberger Kamp 45 - 40589 - Düsseldorf -;Wersten - Förderschule - Stadt Düsseldorf
51.22787;6.79467;;point;Paul-Klee-Schule;Gerresheimer Straße 34 - 40211 - Düsseldorf -;Stadtmitte - Grundschule - Stadt Düsseldorf
51.23593;6.80445;;point;Paulusschule;Paulusplatz 1 - 40237 - Düsseldorf -;Düsseltal - Grundschule - Stadt Düsseldorf
51.20618;6.85801;;Point;Peter-Härtling-Schule - Standort der Alfred-Herrhausen-Schule;Vennhauser Allee 167 - 40627 - Düsseldorf -;Vennhausen - Förderschule - Stadt Düsseldorf
51.314740;6.756878;;point;Private Förderschule I der Graf-Recke-Stiftung;Buschgasserweg 25 - 40489 - Düsseldorf -;Wittlaer - Förderschule - Sonstiger Träger
51.314740;6.756878;;point;Private Förderschule II der Graf-Recke-Stiftung;Buschgasserweg 25 - 40489 - Düsseldorf -;Wittlaer - Förderschule - Sonstiger Träger
51.243084;6.739325;;point;Privates Berufskolleg für Kosmetik und Gestaltung;Emanuel-Leutze-Straße 4 - 40547 - Düsseldorf -;Lörick - Berufs- Weiterbildungskolleg - Sonstiger Träger
51.167;6.86525;;point;Realschule Benrath;Hospitalstraße 45 - 40597 - Düsseldorf -;Benrath - Realschule - Stadt Düsseldorf
51.2114199;6.77202;;point;Realschule Florastraße;Florastraße 69 - 40217 - Düsseldorf -;Unterbilk - Realschule - Stadt Düsseldorf
51.21701;6.78479;;point;Realschule Friedrichstadt;Luisenstraße 73 - 40215 - Düsseldorf -;Friedrichstadt - Realschule - Stadt Düsseldorf
51.25396;6.7622;;point;Realschule Golzheim;Tersteegenstraße 62 - 40474 - Düsseldorf -;Golzheim - Realschule - Stadt Düsseldorf
51.211947;6.780508;;point;Regenbogenschule;Jahnstraße 97 - 40215 - Düsseldorf -;Friedrichstadt - Grundschule - Stadt Düsseldorf
51.243285; 6.859837;;point;Rheinische Schule für Gehörlose - Pädaudiologische Beratungsstelle;Am Großen Dern 10 - 40625 - Düsseldorf -;Ludenberg - Förderschule - Landschaftsverband Rheinland
51.19605;6.77947;;point;Rudolf-Hildebrand-Schule;Gotenstraße 20 - 40225 - Düsseldorf -;Bilk - Förderschule - Stadt Düsseldorf
51.17487;6.83083;;point;Sankt Apollinaris Schule - Standort 1;Itterstraße 16 - 40589 - Düsseldorf -;Holthausen - Grundschule - Stadt Düsseldorf
51.16989;6.80647;;Point;Sankt Apollinaris Schule - Standort 2;Steinkaul 27 - 40589 - Düsseldorf -;Himmelgeist - Grundschule - Stadt Düsseldorf
51.26789;6.76918;;point;Sankt Bruno-Schule;An der Golzheimer Heide 120 - 40468 - Düsseldorf -;Unterrath - Grundschule - Stadt Düsseldorf
51.20813;6.82835;;point;Sankt Michael-Schule;Kempgensweg 65 - 40231 - Düsseldorf -;Lierenfeld - Grundschule - Stadt Düsseldorf
51.23952;6.78449;;point;Sankt Rochus-Schule;Gneisenaustraße 60 - 40477 - Düsseldorf -;Pempelfort - Grundschule - Stadt Düsseldorf
51.22382;6.79045;;point;Sankt-Benedikt-Schule;Charlottenstraße 110 - 40210 - Düsseldorf -;Stadtmitte - Hauptschule - Stadt Düsseldorf
51.167146;6.869103;;point;Sankt-Cäcilia-Schule;Erich-Müller-Straße 31 - 40597 - Düsseldorf -;Benrath - Grundschule - Stadt Düsseldorf
51.17874;6.86085;;point;Sankt-Elisabeth-Schule;Buchenstraße 16 - 40599 - Düsseldorf -;Reisholz - Grundschule - Stadt Düsseldorf
51.24998;6.80908;;point;Sankt-Franziskus-Schule;Herchenbachstraße 2 - 40470 - Düsseldorf -;Mörsenbroich - Grundschule - Stadt Düsseldorf
51.211947;6.780508;;point;Sankt-Peter-Schule;Jahnstraße 97 - 40215 - Düsseldorf -;Friedrichstadt - Grundschule - Stadt Düsseldorf
51.167172;6.864355;;point;Schloß-Gymnasium Benrath;Hospitalstraße 45 - 40597 - Düsseldorf -;Benrath - Gymnasium - Stadt Düsseldorf
51.17828;6.87515;;point;Selma Lagerlöf Schule;Schillstraße 7 - 40599 - Düsseldorf -;Hassels - Grundschule - Stadt Düsseldorf
51.230192;6.773205;;point;Sankt Ursula-Berufskolleg des Erzbistums Köln - Schule der Sekundarstufe II;Eiskellerstraße 11 - 40213 - Düsseldorf -;Carlstadt - Berufs- Weiterbildungskolleg - Sonstiger Träger
51.229742;6.772765;;point;Sankt Ursula-Gymnasium - Staatl. gen. Gymnasium für Jungen und Mädchen des Erzbistums Köln - Sek. I und II;Ritterstraße 14 - 40213 - Düsseldorf -;Altstadt - Gymnasium - Sonstiger Träger
51.20279;6.76781;;point;Sternwartschule;Im Dahlacker 15 - 40223 - Düsseldorf -;Bilk - Grundschule - Stadt Düsseldorf
51.229809;6.842131;;point;Theodor-Andresen-Schule;Lohbachweg 16 - 40625 - Düsseldorf -;Gerresheim - Förderschule - Stadt Düsseldorf
51.30565;6.74607;;point;Theodor-Fliedner-Gymnasium - Priv. Gymnasium der ev. Kirche im Rheinland;Kalkumer Schloßallee 28 - 40489 - Düsseldorf -;Kaiserswerth - Gymnasium - Sonstiger Träger
51.18607;6.82293;;point;Theodor-Heuss-Schule;Lützenkircher Straße 2 - 40591 - Düsseldorf -;Wersten - Grundschule - Stadt Düsseldorf
51.149693;6.886756;;point;Theodor-Litt-Realschule;Theodor-Litt-Straße 5-11 - 40593 - Düsseldorf -;Urdenbach - Realschule - Stadt Düsseldorf
51.23182;6.82163;;point;Thomas-Edison-Realschule;Schlüterstraße 18-20 - 40235 - Düsseldorf -;Flingern-Nord - Realschule - Stadt Düsseldorf
51.2487799;6.78059;;point;Thomas-Schule;Blumenthalstraße 11 - 40476 - Düsseldorf -;Derendorf - Grundschule - Stadt Düsseldorf
51.2168599;6.85091;;point;Volker Rosin Schule;Arnstadter Weg 6-16 - 40627 - Düsseldorf -;Vennhausen - Grundschule - Stadt Düsseldorf
51.20367;6.77826;;point;Walter-Eucken-Berufskolleg;Suitbertusstraße 163-165 - 40223 - Düsseldorf -;Bilk - Berufs- Weiterbildungskolleg - Stadt Düsseldorf
51.243755;6.738478;;point;Weber-Schule - Präha Akademie - Schule der Sek. II und Fachschule;Emanuel-Leutze-Straße 8 - 40547 - Düsseldorf -;Lörick - Berufs- Weiterbildungskolleg - Sonstiger Träger
51.25979;6.81356;;point;Weiterbildungskolleg - Abendgymnasium;Rückertstraße 6 - 40470 - Düsseldorf -;Rath - Berufs- Weiterbildungskolleg - Stadt Düsseldorf
51.2312299;6.79922;;point;Werner-von-Siemens-Realschule;Rethelstraße 13 - 40237 - Düsseldorf -;Düsseltal - Realschule - Stadt Düsseldorf
51.20472;6.89905;;point;Wichernschule;Brorsstraße 5 - 40627 - Düsseldorf -;Unterbach - Grundschule - Stadt Düsseldorf
51.26279;6.80807;;point;Wilhelm-Ferdinand-Schüßler - Tagesschule;Rather Kreuzweg 21 - 40472 - Düsseldorf -;Rath - Hauptschule - Stadt Düsseldorf
51.20653;6.83498;;point;Wilhelm-Heinrich-Riehl-Kolleg;Am Hackenbruch 35 - 40231 - Düsseldorf -;Lierenfeld - Berufs- Weiterbildungskolleg - Sonstiger Träger
51.13789;6.89859;;point;Willi-Fährmann-Schule;Ricarda-Huch-Straße 1 - 40595 - Düsseldorf -;Garath - Grundschule - Stadt Düsseldorf
51.243244;6.778922;;point;Yitzak-Rabin-Schule;Zietenstraße 50 - 40476 - Düsseldorf -;Golzheim - Grundschule - Sonstiger Träger
